iata,name
0A,Amber Air
0B,Blue Air
0C,IBL Aviation
0D,Darwin Airline
0F,0F
0H,0H
0I,0I
0J,Jetclub
0O,0O
0V,0V
0Y,0Y
1A,Amadeus Global Travel Distribution
1B,Abacus International
1C,Electronic Data Systems
1D,Radixx Solutions International
1E,Travelsky Technology
1F,INFINI Travel Information
1G,Travelport
1H,Sirena-Travel
1I,NetJets Aviation
1K,Sutra
1L,Navitaire Open Skies
1M,Sirena JSC
1N,Navitaire
1P,Worldspan
1Q,Sirena
1R,Bird Information Systems
1S,Sabre
1T,East-Line JSC
1U,ITA Software
1W,Sabre
1Y,Electronic Data Systems
1Z,Fantasia Info Network
2A,Deutsche Bahn
2B,Albawings
2C,SNCF
2D,Dynamic Airways
2F,TWO TAXI AEREO
2G,Angara Airlines
2H,Thalys
2I,21 Air
2J,Air Burkina
2K,Aerolineas Galapagos
2L,Helvetic Airways
2M,Moldavian Airlines
2N,NextJet
2O,Redemption
2P,Airphill Express
2Q,Air Cargo Carriers
2R,Via Rail Canada
2S,Southwind Airlines 
2T,Haiti Ambassador Airlines
2U,Air Guinee Express
2V,Amtrak
2W,Welcome Air
2Z,Chang'an Airlines
31,Aerolineas Del Sur
3A,Chu Kong Passenger Transport
3B,Job Air
3C,Air Chathams
3E,Air Choice One
3F,FlyOne Armenia
3G,Gambia Bird Airlines LTD
3H,Air Inuit
3J,Jubba Airways
3K,Jetstar Asia Airways
3L,Air Arabia Abu Dhabi
3M,Silver Airways
3N,Air Urga
3O,Air Arabia Maroc
3P,Tiara Air
3Q,KC International Airlines
3R,Avior Regional
3S,Air Antilles Express
3T,Tarco Air
3U,Sichuan Airlines
3V,TNT Airways
3W,Malawian Airlines
3X,Japan Air Commuter
4A,Aero Transporte
4B,Boutique Air
4C,Latam Airlines Colombia
4D,Air Sinai
4F,Air City
4G,Gazpromavia
4H,HiSky
4J,Jetair Caribbean
4K,Kenn Borek Air
4L,4L
4M,Mavi Gok
4N,Air North Charter - Canada
4O,Interjet
4P,Public Charters
4Q,Safi Airlines
4R,Renef Viajeros
4S,Star Airways
4T,Belair Airlines
4U,Germanwings
4V,Fly Gangwon
4Y,EW Discover
4Z,South African Airlink
5A,Alpine Air Express
5C,Nature Air
5D,Aerolitoral
5F,Fly One
5G,Aerocuahonte
5H,Fly540
5I,Alsa Grupo SLU
5J,Cebu Pacific
5K,Hi Fly
5L,Fly Salone
5M,Montserrat Airways
5N,Nordavia
5O,Asl Airlines France
5Q,5Q
5S,5S
5T,Canadian North
5U,TAG Airline
5V,840 Everts
5W,Wizz Air Abu Dhabi
5X,United Parcel Service
5Y,Atlas Air
5Z,Cemair
6A,Armenia Airways
6B,TUIfly Nordic
6D,Travel Service Slovensko
6E,IndiGo Airlines
6F,Primera Air Nordic
6G,Executive Express
6H,Israir
6I,Air Alsie
6J,Solaseed Air
6K,Kyrgyz Trans Avia
6N,Niger Airlines
6O,Air Satellite
6P,Club Air
6Q,Cham Wings Airlines
6R,Mirny Air
6S,Saudi Gulf Airlines
6U,Air Cargo Germany
6V,Avanza
6W,Saratov Airlines Joint Stock Company
6Y,Smartlynx Airlines
6Z,Eurasia Air
7A,Air Jet
7B,Fly Blue Crane
7C,Jeju Air
7D,MGC Aviation
7E,Sylt Air GmbH
7F,First Air
7G,Star Flyer
7H,Ravn Alaska
7I,Insel Air
7J,Tajik Air
7K,Kogalymavia Air Company
7L,Aerocaribbean
7M,MayAir
7N,Pan American World
7O,Travel Service
7P,7P
7Q,Elite Airways
7R,Rusline
7S,Ryan Air Service
7T,Trenitalia
7W,Wind Rose Aviation
7Y,Mann Yadanarpon Airlines
7Z,7Z
81,81
89,89
8A,Panama Airways
8B,TransNusa
8C,Air Transport International
8D,Servant Air
8E,Bering Air
8F,Stp Airways
8G,Instone Air
8H,BH Air
8I,Insel Air Aruba
8J,Linea Aerea Eco Jet
8L,Lucky Air
8M,Myanmar Airways International
8N,Regional Air Services
8O,West Coast Air
8P,Pacific Coastal Airlines
8Q,Onur Air
8R,8R
8S,Scorpio Aviation
8T,Air Tindi
8U,Afriqiyah Airways
8V,Wright Air Service
8W,Fly Always
8Y,Air Burundi
8Z,Wizz Air Bulgaria
9A,Eagle Express Air Charter
9B,Access Rail
9C,Spring Airlines
9E,Endeavor Air
9F,Eurostar
9H,Changan Airlines
9I,Alliance Air
9K,Cape Air
9L,West Link Airways
9M,Central Mountain Air
9N,Tropic Air
9O,National Airways Cameroon
9P,Air Arabia Jordan
9Q,Caicos Express Airways
9R,Phuket Air
9T,Transwest Air
9U,Air Moldova
9V,Vipair Airlines
9W,Jet Airways
9X,Southern Airways Express
9Y,National Airways
A0,A0
A1,A.P.G. Distribution System
A2,Astra Airlines
A3,Aegean Airlines
A4,AZIMUTH Airlines
A5,Hop
A6,Yunnan Hong Tu Airlines
A7,Air Niamey
A8,Benin Golf Air
A9,Georgian Airways
AA,American Airlines
AB,Air Berlin
AC,Air Canada
AD,Azul Linhas Aéreas Brasileiras
AE,Mandarin Airlines
AF,Air France
AG,Aruba Airlines
AH,Air Algérie
AI,Air India Limited
AJ,Aero Contractors
AJ0,AJ0
AJTK,Anadolu Jet
AK,AirAsia
AL,Air Leisure
AM,Aeromexico
AN,Advanced Air
AO,Australian Airlines
AP,AlbaStar
AQ,9 Air
AR,Aerolíneas Argentinas
AS,"Alaska Airlines, Inc."
AT,Royal Air Maroc
ATR,Atrak
AU,Canada Jetlines
AV,Avianca
AW,Africa World Airlines
AX,Trans States Airlines
AY,Finnair
AZ,ITA Airways
B0,La Compagnie
B2,Belavia Belarusian
B3,Bellview Airlines
B4,Zanair
B5,Fly SAX
B6,JetBlue Airways
B7,Uni Airways
B8,Eritrean Airlines
B9,Iran Air Tour
BA,British Airways
BB,Seaborne Airlines
BC,Skymark Airlines
BD,BMI
BE,Flybe
BF,French Bee
BG,Biman Bangladesh Airlines
BH,Hawkair
BI,Royal Brunei Airlines
BJ,Nouvel Air Tunisie
BK,Potomac Air
BL,Pacific Airlines
BM,BMI Regional
BN,Horizon Airlines
BO,Bouraq Indonesia Airlines
BP,Air Botswana
BQ,Bukovyna Airlines
BR,EVA Air
BS,US Bangla Airlines
BT,Air Baltic
BU,Buryat Airlines Aircompany
BV,Blue Panorama Airlines
BW,Caribbean Airlines
BX,Air Busan
BY,TUI Airways
BZ,Blue Bird Airways
C2,Ceiba Intercontinental
C3,Independent Carrier (ICAR)
C4,Zimex Aviation
C5,CommutAir
C6,CanJet
C7,Cinnamon Air
C8,Cronos Airlines
C9,Cirrus Airlines
CA,Air China
CB,Kalitta Charters II
CC,CM Airlines
CD,Corendon Dutch Airlines
CE,Nationwide Airlines
CF,City Airline
CG,Airlines PNG
CH,Bemidji Airlines
CI,China Airlines
CJ,CityFlyer
CK,China Cargo Airlines
CL,Lufthansa CityLine
CM,Copa Airlines
CN,Grand China Air
CO,Cobalt Airlines
CP,Compass Airlines
CPN,Caspian
CQ,Coastal Travels
CR,OAG
CS,Continental Micronesia
CT,Alitalia City Liner SPA
CU,Cubana de Aviación
CV,Cargolux
CW,Air Marshall Islands
CX,Cathay Pacific
CY,Cyprus Airways
CZ,China Southern Airlines
D2,Severstal Air Company
D3,Daallo Airlines
D4,Alidaunia
D5,Dauair
D6,Interair South Africa
D7,AirAsia X
D8,Norwegian Air International Ltd.
D9,Donavia
DA,Air Georgia
DB,Brit Air
DC,Golden Air
DD,Nok Air
DE,Condor Flugdienst
DF,Condor Berlin
DG,Cebgo
DH,Douniah Airlines
DI,Norwegian Air
DJ,Pacific Blue
DK,Eastland Air
DL,Delta Air Lines
DM,Arajet
DN,Norwegian Air Argentina
DO,Discovery Airways
DP,Pobeda
DQ,Coastal Air
DR,Ruili Airlines
DS,easyJet Switzerland
DT,TAAG Angola Airlines
DU,Air Liaison
DV,JSC Aircompany SCAT
DW,Aero-Charter Ukraine
DX,DAT Danish Air Transport
DY,Norwegian Air Shuttle
DZ,DONGHAI AIRLINES
E0,Eos Airlines
E1,Everbread
E2,Eagle Atlantic Airlines
E3,EGO Airways
E4,Aero Asia International
E5,Samara Airlines
E6,Bringer Air Cargo Taxi Aéreo
E7,Equaflight Service
E8,Alpi Eagles
E9,Iberojet
EA,East Horizon Airlines
EB,Wamos Air
EC,Avialeasing Aviation Company
ED,Airblue
EE,Marabu Airlines
EF,Far Eastern Air Transport
EG,Ernest Airlines
EH,Ana Wings
EI,Aer Lingus
EJ,New England Airlines
EK,Emirates Airline
EL,Ellin Air
EM,Empire Airlines
EN,Air Dolomiti
EO,Pegas Fly
EP,Iran Aseman
EQ,TAME
ER,Astar Air Cargo
ES,DHL International
ET,Ethiopian Airlines
EU,Empresa Ecuatoriana De Aviación
EV,Aha
EW,Eurowings
EX,Atlantic Airlines
EY,Etihad Airways
EZ,Sun Air of Scandinavia
F2,SAFARILINK AVIATION
F3,Flyadeal
F4,Albarka Air
F5,Cosmic Air
F6,Faroejet
F7,Flybaboo
F8,Flair Airlines
F9,Frontier Airlines
FA,Safair
FB,Bulgaria Air
FC,Viva Colombia
FD,Thai AirAsia
FE,Primaris Airlines
FF,Airshop
FG,Ariana Afghan Airlines
FH,Freebird Airlines
FI,Icelandair
FJ,Air Pacific
FK,Africa West
FL,AirTran Airways
FM,Shanghai Airlines
FN,Regional Air Lines
FO,Flybondi
FP,Fly Pelican
FP0,Fly Persia
FPI,FPI
FR,Ryanair
FS,Syphax Airlines
FT,FlyEgypt
FU,Fuzhou Airlines
FV,Rossiya
FW,Ibex Airlines
FX,Federal Express
FY,Firefly
FZ,Fly Dubai
G0,Ghana International Airlines
G1,Gorkha Airlines
G2,Avirex
G3,Gol Linhas Aereas
G4,Allegiant Air
G5,China Express Airlines
G6,Fly Arna
G7,GoJet Airlines
G8,Go Airlines
G9,Air Arabia
GA,Garuda Indonesia
GB,Airborne Express
GC,Gambia International Airlines
GD,Aviair
GE,TransAsia Airways
GF,Gulf Air
GG,Air Guyane
GH,Ghana Airways
GI,Itek Air
GJ,Zhejiang Loong Airlines
GK,JetStar Japan
GL,Air Greenland
GM,Air Slovakia
GN,Air Gabon
GO,Kuzu Airlines Cargo
GP,APG Airlines
GQ,Sky Express
GR,Aurigny Air Services
GS,Tianjin Airlines
GT,GB Airways
GV,Grant Aviation
GW,Costa Rica Green Airways
GX,Guangxi Beibu Gulf Airlines
GY,Colorful Guizhou Airline
GZ,Air Rarotonga
H1,Hahn Air Systems
H2,Sky Airline
H3,H3
H4,Aero4M
H5,Haiti Aviation
H6,Bulgarian Air Charter
H7,Eagle Air
H8,Dalavia
H9,Himalaya Airlines
HA,Hawaiian Airlines
HB,Harbor Airlines
HC,Air Senegal
HD,AIRDO
HE,Luftfahrtgesellschaft Walter
HF,Hapagfly
HG,Niki
HI,Papillon Airways
HJ,Hellas Jet
HK,Four Star Aviation / Four Star Cargo
HM,Air Seychelles
HN,Heavylift Cargo Airlines
HO,Juneyao Airlines
HP,Amapola Flyg
HQ,Thomas Cook Airlines
HR,Hahn Air
HS,Heli Securite Helicopter Airline
HT,Aeromist-Kharkiv
HU,Hainan Airlines
HV,Transavia Holland
HW,Fly Erbil
HX,Hong Kong Airlines
HY,Uzbekistan Airways
HZ,Aurora Airlines
I2,Iberia Express
I3,ATA
I4,Interstate Airlines
I5,AirAsia India
I6,Sky Eyes
I7,Paramount Airways
I8,Izhavia
I9,Air Italy
IA,Iraqi Airways
IB,Iberia Airlines
IC,Indian Airlines
ID,Interlink Airlines
IE,Solomon Airlines
IF,Fly Baghdad
IG,Air Italy
IH,Irtysh Air
II,IBC Airways
IJ,Spring Airlines Japan
IK,Ikar
IM,Menajet
IN,MAT Macedonian Airlines
IO,IrAero
IP,Atyrau Air Ways
IQ,Augsburg Airways
IR,Iran Air
IRA,IRA
IRC,IRC
IRK,IRK
IRM,IRM
IRQ,IRQ
IRU,Chabahar Airlines
IRZ,Saha
IS,Sepehran Airlines
IT,Tigerair Taiwan
IU,Super Air Jet
IW,AOM French Airlines
IX,Air India Express
IY,Yemenia
IZ,Arkia Israel Airlines
IZG,IZG
J2,Azerbaijan Airlines
J3,Northwestern Air
J4,Badr Airlines
J6,AVCOM
J7,Denim Air
J8,Berjaya Air
J9,Jazeera Airways
JA,B&H Airlines
JB,Helijet
JC,JAL Express
JD,Beijing Airlines
JE,Mango
JF,Jet Asia Airways
JG,Airline Container Leasing
JH,Nordeste Linhas Aéreas Regionais
JI,Meraj Air
JJ,Latam Airlines Brasil
JK,Spanair
JL,Japan Airlines
JM,Air Jamaica
JN,JOON
JO,Jet time
JP,Adria Airways
JQ,Jetstar Airways
JR,Aero California
JS,Air Koryo
JT,Lion Mentari Airlines
JU,Air Serbia
JV,Bearskin Lake Air Service
JW,Vanilla Air
JX,Starlux Airlines
JY,Intercaribbean Airways
JZ,Jatayu Gelang Sejahtera
K-,K-
K2,Eurolot
K4,Kalitta Air
K5,SeaPort Airlines
K6,Cambodia Angkor Air
K7,Air KBZ
K8,Airlink Zambia
K9,Krylo Airlines
KA,"Dragonair, Hong Kong Dragon Airlines"
KB,Druk Air
KC,Air Astana
KD,PT KAL Star Aviation
KE,Korean Air
KF,Blue1
KG,LAI - Línea Aérea IAACA
KH,Aloha Air Cargo
KI,SKS Airways
KIA,KIA
KIS,Kish Air
KJ,Air Incheon
KK,Atlas Global
KL,KLM
KM,Air Malta
KN,China United Airlines
KO,Alaska Central Express
KP,ASKY Airlines
KQ,Kenya Airways
KR,Cambodia Airways
KS,Air Connect
KU,Kuwait Airways
KV,Asian Express Airlines
KW,Kharkiv Airlines
KX,Cayman Airways
KY,Air São Tomé and Príncipe
KZ,Nippon Cargo Airlines
L1,Lufthansa Systems
L2,Lynden Air Cargo
L3,Lynx Aviation
L4,Air Service
L5,Atlantique Air Assistance
L6,Tbilaviamsheni
L8,Air Luxor GB
L9,Lumiwings
LA,Latam Airlines Group
LB,Lloyd Aéreo Boliviano
LC,Equatorial Congo Airline
LD,Air Hong Kong
LE,LE
LF,FlyNordic
LG,Luxair
LH,Lufthansa
LI,Leeward Islands Air Transport
LJ,Sierra National Airlines
LK,Kyrgyz Airlines
LL,Miami Air International
LM,Loganair
LN,Libyan Arab Airlines
LO,LOT Polish Airlines
LP,LAN Peru
LQ,Lanmei Airlines
LR,LACSA
LS,Jet2.com
LT,Air Lituanica
LU,Latam Airlines Chile
LV,Albanian Airlines
LW,Pacific Wings
LX,Swiss International Air Lines
LY,El Al Israel Airlines
LZ,Air Link
M0,Aero Mongolia
M2,Mahfooz Aviation
M3,North Flying
M4,Mistral Air
M5,Kenmore Air
M6,Amerijet International
M7,MasAir
M8,Mekong Airlines
M9,Motor Sich
MA,Malév Hungarian Airlines
MB,MNG Airlines
MC,Air Mobility Command
MD,Air Madagascar
ME,Middle East Airlines
MF,Xiamen Airlines
MG,Champion Air
MGH,MGH
MH,Malaysia Airlines
MI,SilkAir
MJ,Myway Airlines
MK,Air Mauritius
ML,Air Mediterranee
MM,Peach Aviation
MN,Kulula
MO,Calm Air
MP,Martinair
MQ,American Eagle Airlines
MR,Air Mauritanie
MS,Egyptair
MT,Thomas Cook Airlines
MTDE,Thomas Cook Airlines
MU,China Eastern Airlines
MV,Armenian International Airways
MW,Mokulele Airlines
MX,Breeze Airways
MY,Maya Island Air
MZ,Amakusa Airlines
N0,Norse Atlantic Airways
N2,Kabo Air
N3,Omskavia Airline
N4,Nord Wind
N5,Norfolk Air
N6,Nomad Aviation
N7,National Airlines
N8,National Airlines
N9,Novair
NA,North American Airlines
NB,Sterling Airlines
NC,National Jet Systems
ND,FMI Air
NE,SkyEurope
NF,Air Vanuatu
NG,Lauda Air
NH,All Nippon Airways
NI,Portugalia
NK,Spirit Airlines
NL,Shaheen Air International
NM,Air Madrid
NN,VIM Airlines
NO,Neos
NP,Nile Air
NPO,NPO
NQ,Air Japan
NR,Pamir Airways
NS,Hebei Airlines
NT,Binter Canarias
NU,Japan Transocean Air
NV,Karun Airline
NW,Northwest Airlines
NX,Air Macau
NY,Air Iceland
NZ,Air New Zealand
O2,Oceanic Airlines
O4,Antrak Air
O6,Avianca Brazil
O7,Ozjet Airlines
O8,Oasis Hong Kong Airlines
O9,Nova Airline
OA,Olympic Air
OB,Boliviana De Aviacion
OC,Oriental Air Bridge
OD,Malindo Airways
OE,Laudamotion
OF,Air Finland
OG,Play
OH,PSA Airlines
OIFE,Hesa
OJ,Fly Jamaica Airways
OK,Czech Airlines
OL,OLT Express Germany
OM,MIAT Mongolian Airlines
ON,Our Airline
OO,SkyWest Airlines
OP,Chalk's International Airlines
OQ,Chongqing Airlines
OR,Arkefly
OS,Austrian Airlines
OT,Aeropelican Air Services
OU,Croatia Airlines
OV,Salam Air
OW,Skyward Eepress
OX,Orient Thai Airlines
OY,Andes Líneas Aéreas
OZ,Asiana Airlines
P0,Proflight Zambia
P1,PublicCharters.com
P2,AirKenya Express
P3,Passaredo Transportes Aéreos
P4,Air Peace
P5,Wingo
P6,Pascan
P7,Russian Sky Airlines
P8,Air Mekong
P9,Peruvian Airlines
PA,Airblue
PB,PAL Airlines
PC,Pegasus Airlines
PD,Porter Airlines
PE,People's
PF,Primera Air Scandinavia 
PG,Bangkok Airways
PH,Polynesian Airlines
PI,Polar Airlines
PJ,Air Saint Pierre
PK,Pakistan International Airlines
PL,Southern Air Charter
PM,Tropic Air
PN,China West Air
PO,Polar Air Cargo
PP,Jet Aviation
PQ,Sky up
PR,Philippine Airlines
PRS,Pars Air
PS,Ukraine International
PT,Piedmont Airlines
PU,PLUNA
PV,St Barth Commuter
PW,Precision Air
PX,Air Niugini
PY,Surinam Airways
PYA,Pouya Air
PZ,Latam Airlines Paraguay
Q3,Zambian Airways
Q4,Euro Airlines
Q5,40-Mile Air
Q6,Aero Condor Peru
Q8,Pacific East Asia Cargo Airlines
Q9,Green Africa Airways
QA,Cimber Sterling
QB,Qeshm Air
QB2,QB2
QC,Air Corridor
QD,JC Cambodia Intl Airlines
QE,Crossair Europe
QF,Qantas
QG,Citilink Indonesia
QH,Bamboo Airways
QI,Cimber Sterling
QJ,Jet Airways
QK,Air Canada Jazz
QL,Línea Aérea de Servicio 
QM,Air Malawi
QN,Skytrans Regional
QO,Aeromexpress
QQ,Alliance Airlines
QR,Qatar Airways
QS,Smartwings
QT,TAMPA
QU,UTair-Ukraine
QV,Lao Airlines
QW,Blue Wings
QX,Horizon Air
QY,European Air Transport
QZ,PT Indonesia AirAsia
R0,Royal Airlines
R1,Sirin
R2,Orenburg Airlines
R3,Aircompany Yakutia
R5,Jordan Aviation
R6,RACSA
R7,Aserca Airlines
R8,Kyrgyzstan Airlines
R9,Camai Air
RA,Nepal Airlines
RB,Syrian Arab Airlines
RC,Atlantic Airways
RD,Ryan International Airlines
RE,Stobart Air
RF,Florida West International Airways
RG,VRG Linhas Aéreas
RH,Republic Express Airlines
RI,Mandala Airlines
RJ,Royal Jordanian
RK,Royal Khmer Airlines
RL,Royal Falcon
RM,Air Company Armenia
RO,Tarom
RP,Chautauqua Airlines
RQ,Kam Air
RR,Royal Air Force
RS,Air Seoul
RT,RT
RU,Air Bridge Cargo
RV,Air Canada Rouge
RW,Republic Airlines
RX,Aviaexpress
RY,Jiangxi Air
RZ,Euro Exec Express
S0,Slok Air Gambia
S2,Jet Lite
S3,Santa Barbara Airlines
S4,SATA International
S5,Small Planet
S6,Sunrise Airways
S7,Siberia
S8,Sounds Air
S9,FlyBig
SA,South African Airways
SB,Air Caledonie International
SBT,Taftan Air
SC,Shandong Airlines
SD,Sudan Airways
SE,XL Airways France
SF,Tassili Airlines
SG,Spicejet
SH,Fly Me Sweden
SHI,Sepehran
SI,Blue Islands
SJ,Sriwijaya Air
SJT,Asa Jet Airlines
SK,Scandinavian Airlines
SL,Thai Lion Air
SLS,SLS
SM,Air Cairo
SN,Brussels Airlines
SO,Apex Airline
SP,SATA Air Acores
SPN,Sepahan Air
SQ,Singapore Airlines
SR,Sundair
SS,Corsairfly
ST,Germania
SU,Aeroflot Airlines
SV,Saudia
SW,Air Namibia
SX,Skywork Airlines
SY,Sun Country Airlines
SZ,Somon Air
T2,Thai Air Cargo
T3,Eastern Airways
T4,TRIP Linhas Aéreas
T5,Turkmenistan Airlines
T6,Tavrey Airlines
T7,Twin Jet
T9,Aviator Aviation
TA,Taca International Airline
TB,Jetairfly
TBM,TBM
TBN,Taban
TBZ,TBZ
TC,Air Tanzania
TD,Atlantis European Airways
TE,Sky Taxi
TF,Braathens Regional Aviation 
TG,Thai Airways International
TH,Transmile Air Services
TI,Tailwind Airlines
TJ,Tradewind Aviation
TK,Turkish Airlines
TL,Airnorth
TM,Linhas Aéreas de Moçambique
TN,Air Tahiti Nui
TO,Transavia France
TP,TAP Portugal
TQ,Tandem Aero
TR,Scoot/TigerAir Singapore
TS,Air Transat
TT,Tiger Airways Australia
TU,Tunisair
TUL,Tulpar Air
TV,Virgin Express
TW,TWAY AIR
TWI,TWI
TX,Air Caraibes
TY,Air Caledonie
TZ,Scoot
U2,easyJet
U3,Avies
U4,PMTair
U5,USA3000 Airlines
U6,Ural Airlines
U7,Air Uganda
U8,Armavia
UA,United Airlines
UB,Myanmar National Airlines
UBD,UBD
UD,Hex'Air
UE,Ultimate Jetcharters
UF,UM Airlines
UG,Tunisair Express
UH,Atlasjet Ukraine
UI,Super Air Jet
UJ,Almasria Universal Airlines
UK,Vistara
UL,SriLankan Airlines
UM,Air Zimbabwe
UN,Transaero Airlines
UO,Hong Kong Express Airways
UP,Bahamasair
UQ,O'Connor Airlines
UR,UR
US,US Airways
UT,UTair Aviation
UU,Air Austral
UW,Perimeter Airlines
UX,Air Europa
UY,Cameroon Airlines
UZ,El-Buraq Air Transport
V0,Conviasa
V2,Vision Airlines
V3,Carpatair
V4,Reem Air
V5,Aerovias DAP
V6,V6
V7,Volotea
V8,Iliamna Air
V9,Van Air Europe
VA,Virgin Australia
VB,Aeroenlaces Nacionales
VC,Via Airlines
VD,Hennan Airlines
VE,C.A.I. Second
VF,Valuair
VG,VLM Airlines
VH,Viva Colombia
VI,Volga-Dnepr Airlines
VJ,Vietjet Aviation
VK,Anisec Luftfahrt
VL,Air VIA
VM,Max Air Limited
VN,Vietnam Airlines
VO,Tyrolean Airways
VP,VASP
VQ,Novoair
VR,Transportes Aereos de Cabo Verde
VRH,Varesh
VS,Virgin Atlantic Airways
VT,Air Tahiti
VU,Air Ivoire
VV,Aerosvit Airlines
VW,Aeromar
VX,Virgin America
VY,Vueling Airlines
VZ,Thai Vietjat Air
W1,WDL Aviation
W2,World2Fly
W3,Arik Air
W4,Aero Services Executive
W5,Mahan Air
W6,Wizz Air
W7,Sayakhat Airlines
W8,Cargojet Airways
W9,Wizz Air UK
WA,KLM Cityhopper
WB,Rwandair Express
WC,Islena De Inversiones
WD,Amsterdam Airlines
WE,Thai Smile Airways
WF,Widerøe
WG,Sunwing Airlines
WH,West African Airlines
WI,White Airways S.A.
WJ,Labrador Airways
WK,Edelweiss Air
WM,Windward Island Airways
WN,Southwest Airlines
WO,Swoop Inc
WP,Island Air
WQ,WQ
WR,WestJet Encore
WS,WestJet
WT,Uep Fly
WU,WU
WV,Swe Fly
WV2,WV2
WW,WOW Air
WX,CityJet
WY,Oman Air
WZ,Red Wings Airline
X1,X1
X3,Hapag-Lloyd Express (TUIfly)
X4,X4
X5,X5
X7,Chitaavia
X8,X8
X9,Avion Express
XC,Corendon Airlines
XE,JetSuite Air
XF,Vladivostok Air
XG,Sunexpress Germany
XH,XH
XJ,Thai AirAsia
XK,Corse Méditerranée
XL,Latam Airlines Ecuador
XM,J-Air
XO,Seair
XP,Avelo Airlines
XQ,SunExpress
XR,Corendon Airlines Europe
XS,SITA
XT,PT Indonesia Airasia Extra
XW,Nokscoot Airlines
XX,XX
XY,Flynas
XZ,Aeroitalia
Y0,Yellow Air Taxi/Friendship Airways
Y2,Ygnus Air
Y4,Volaris
Y5,Golden Myanmar Airlines
Y6,Batavia Air
Y7,JSC Airline
Y8,Yangtze River Express
Y91,Y91
YB,Harbour Air
YC,Yamal Airlines
YD,Cologne Air Transport GmbH
YE,Yan Air
YG,South Airlines
YH,West Caribbean Airways
YI,Air Sunshine
YJ,Asian Wings Airways
YK,AVIA TRAFFIC COMPANY
YL,Yamal Airlines
YM,Montenegro Airlines
YN,Air Creebec
YO,Heli Air Monaco
YP,YP
YQ,Link Conexion Aerea
YR,Scenic Airlines
YS,Régional Compagnie Aérienne Européenne
YT,Yeti Airlines
YU,EuroAtlantic Airways
YV,Mesa Airlines
YW,Air Nostrum
YX,Midwest Airlines
YY,YY
YZ,Alas Uruguay
Z0,Z0
Z2,Airasia Zest
Z3,Avient Aviation
Z4,Zagros Jet
Z5,GMG Airlines
Z6,Dniproavia
Z7,ADC Airlines
Z8,Línea Aérea Amaszonas
Z9,MYAirline
ZA,Sky Angkor Airlines
ZB,Air Albania
ZD,ZD
ZE,Eastar Jet
ZF,Azur Air
ZG,ZIPAIR 
ZH,Shenzhen Airlines
ZI,Aigle Azur
ZK,Great Lakes Airlines
ZL,Regional Express
ZM,Pegasus Asia
ZN,ZN
ZO,Zagros Airline
ZP,Silk Way Airlines
ZQ,ZQ
ZS,Kazaviaspas
ZT,Titan Airways
ZU,Helios Airways
ZV,Zagros
ZW,Air Wisconsin
ZX,Air Georgian
ZY,Sky Airlines
ZZ,AeroCRS
